Tool ID,Tool Name,Primary Keyword,Category
tool-001,Long-Tail Keyword Expander,long tail keyword generator,Blogging SEO & Content
tool-002,Search Intent Classifier,search intent checker,Blogging SEO & Content
tool-003,Keyword Clustering Tool,keyword clustering tool,Blogging SEO & Content
tool-004,Question Keyword Expander,question keyword generator,Blogging SEO & Content
tool-005,Alphabet Soup Keyword Expander,alphabet soup keyword method,Blogging SEO & Content
tool-006,Keyword Gap Worksheet,keyword gap analysis template,Blogging SEO & Content
tool-007,Seasonal Keyword Planner,seasonal keyword planner,Blogging SEO & Content
tool-008,Local Keyword Modifier Expander,local keyword generator,Blogging SEO & Content
tool-009,Keyword Prioritization Scorer,keyword prioritization matrix,Blogging SEO & Content
tool-010,Content Angle Generator,content angle generator,Blogging SEO & Content
tool-011,SERP Snippet Preview Tool,google snippet preview tool,Blogging SEO & Content
tool-012,Content Scannability Checker,blog scannability checker,Blogging SEO & Content
tool-013,Anchor Text Diversity Analyzer,anchor text checker,Blogging SEO & Content
tool-014,Transition Words Checker,transition words checker,Blogging SEO & Content
tool-015,Sentence Length Analyzer,average sentence length checker,Blogging SEO & Content
tool-016,Internal Link Opportunity Finder,internal link finder,Blogging SEO & Content
tool-017,Image SEO Filename Renamer,seo image filename generator,Blogging SEO & Content
tool-018,Slug Stop-Word Remover,url slug optimizer,Blogging SEO & Content
tool-019,Content Similarity Checker,duplicate content checker,Blogging SEO & Content
tool-020,Heading Structure Analyzer,heading hierarchy checker,Blogging SEO & Content
tool-021,FAQ Schema Generator,faq schema generator,Blogging SEO & Content
tool-022,Article Schema Generator,article schema generator,Blogging SEO & Content
tool-023,How-To Schema Generator,howto schema generator,Blogging SEO & Content
tool-024,Breadcrumb Schema Generator,breadcrumb schema generator,Blogging SEO & Content
tool-025,Review Schema Generator,review schema generator,Blogging SEO & Content
tool-026,Open Graph Tag Generator,open graph generator,Blogging SEO & Content
tool-027,Twitter Card Generator,twitter card generator,Blogging SEO & Content
tool-028,Robots.txt Generator,robots.txt generator,Blogging SEO & Content
tool-029,XML Sitemap Generator,xml sitemap generator,Blogging SEO & Content
tool-030,HTML Sitemap Generator,html sitemap generator,Blogging SEO & Content
tool-031,Content Brief Generator,content brief generator,Blogging SEO & Content
tool-032,Blog Outline Generator,blog outline generator,Blogging SEO & Content
tool-033,Pillar-Cluster Content Planner,topic cluster planner,Blogging SEO & Content
tool-034,Editorial Calendar Generator,editorial calendar generator,Blogging SEO & Content
tool-035,30-Day Blogging Challenge Generator,30 day blog challenge,Blogging SEO & Content
tool-036,Blog Series Planner,blog series planner,Blogging SEO & Content
tool-037,Content Audit Decision Tool,content audit tool,Blogging SEO & Content
tool-038,E-E-A-T Checklist Generator,eeat checklist,Blogging SEO & Content
tool-039,Pre-Publish SEO Checklist,blog post seo checklist,Blogging SEO & Content
tool-040,Idea Bank,blog idea bank,Blogging SEO & Content
tool-041,Freelance Writing Rate Calculator,freelance writing rates,Blogging SEO & Content
tool-042,Comparison Table HTML Generator,comparison table generator,Blogging SEO & Content
tool-043,Pros & Cons Box Generator,pros and cons box generator,Blogging SEO & Content
tool-044,Star Rating Box Generator,star rating generator,Blogging SEO & Content
tool-045,Click-to-Tweet Box Generator,click to tweet generator,Blogging SEO & Content
tool-046,UTM Link Builder,utm link builder,Blogging SEO & Content
tool-047,Affiliate Disclosure Generator,affiliate disclosure generator,Blogging SEO & Content
tool-048,Meta Description Generator,meta description generator,Blogging SEO & Content
tool-049,SEO Title Tag Generator,seo title tag generator,Blogging SEO & Content
tool-050,Topical Authority Map Builder,topical authority map,Blogging SEO & Content
tool-051,Mediavine Earnings Calculator,mediavine earnings calculator,Make-Money & Affiliate
tool-052,Raptive Revenue Estimator,raptive earnings calculator,Make-Money & Affiliate
tool-053,Ad Revenue Network Comparison Tool,adsense vs mediavine vs raptive calculator,Make-Money & Affiliate
tool-054,Blog Traffic-to-Income Planner,blog income calculator,Make-Money & Affiliate
tool-055,Etsy Fee Calculator,etsy fee calculator,Make-Money & Affiliate
tool-056,Etsy Profit Calculator,etsy profit calculator,Make-Money & Affiliate
tool-057,eBay Fee Calculator,ebay fee calculator,Make-Money & Affiliate
tool-058,Poshmark Fee Calculator,poshmark fee calculator,Make-Money & Affiliate
tool-059,Amazon FBA Profit Calculator,amazon fba profit calculator,Make-Money & Affiliate
tool-060,KDP & eBook Royalty Calculator,kdp royalty calculator,Make-Money & Affiliate
tool-061,Print-on-Demand Profit Calculator,print on demand profit calculator,Make-Money & Affiliate
tool-062,Shopify Fee Calculator,shopify fee calculator,Make-Money & Affiliate
tool-063,PayPal Fee Calculator,paypal fee calculator,Make-Money & Affiliate
tool-064,Stripe Fee Calculator,stripe fee calculator,Make-Money & Affiliate
tool-065,Gumroad Fee Calculator,gumroad fee calculator,Make-Money & Affiliate
tool-066,Upwork Fee Calculator,upwork fee calculator,Make-Money & Affiliate
tool-067,Fiverr Profit Calculator,fiverr profit calculator,Make-Money & Affiliate
tool-068,Freelance Hourly Rate Calculator,freelance hourly rate calculator,Make-Money & Affiliate
tool-069,Project Quote Generator,freelance project quote calculator,Make-Money & Affiliate
tool-070,Copywriter Rate Calculator,copywriter rates calculator,Make-Money & Affiliate
tool-071,Video Editor Rate Calculator,video editor rates calculator,Make-Money & Affiliate
tool-072,Graphic Designer Rate Calculator,graphic designer rates calculator,Make-Money & Affiliate
tool-073,Web Designer Project Pricing Calculator,web design pricing calculator,Make-Money & Affiliate
tool-074,Social Media Manager Pricing Calculator,social media manager pricing,Make-Money & Affiliate
tool-075,Voiceover Rate Calculator,voiceover rates calculator,Make-Money & Affiliate
tool-076,SEO Freelancer Pricing Calculator,seo freelancer rates,Make-Money & Affiliate
tool-077,Virtual Assistant Rate Calculator,virtual assistant rates calculator,Make-Money & Affiliate
tool-078,Freelance Invoice Generator,freelance invoice generator,Make-Money & Affiliate
tool-079,Sponsored Post Rate Calculator,sponsored post rate calculator,Make-Money & Affiliate
tool-080,TikTok Sponsorship Rate Calculator,tiktok sponsorship rates,Make-Money & Affiliate
tool-081,YouTube Sponsorship Rate Calculator,youtube sponsorship rates,Make-Money & Affiliate
tool-082,Podcast Sponsorship Rate Calculator,podcast sponsorship rates,Make-Money & Affiliate
tool-083,UGC Creator Pricing Calculator,ugc pricing calculator,Make-Money & Affiliate
tool-084,Newsletter Sponsorship Rate Calculator,newsletter sponsorship rates,Make-Money & Affiliate
tool-085,Rate Card Generator,creator rate card generator,Make-Money & Affiliate
tool-086,Patreon Earnings Estimator,patreon earnings calculator,Make-Money & Affiliate
tool-087,Substack Revenue Calculator,substack revenue calculator,Make-Money & Affiliate
tool-088,Membership Site Revenue Projector,membership site revenue calculator,Make-Money & Affiliate
tool-089,Twitch Subscriber Revenue Calculator,twitch subscriber calculator,Make-Money & Affiliate
tool-090,Digital Product Pricing Calculator,digital product pricing calculator,Make-Money & Affiliate
tool-091,Online Course Pricing Calculator,online course pricing calculator,Make-Money & Affiliate
tool-092,Course Launch Revenue Planner,course launch calculator,Make-Money & Affiliate
tool-093,eBook Pricing & Royalty Calculator,ebook pricing calculator,Make-Money & Affiliate
tool-094,Coaching Package Pricing Calculator,coaching package pricing,Make-Money & Affiliate
tool-095,Webinar Revenue Estimator,webinar revenue calculator,Make-Money & Affiliate
tool-096,Amazon Affiliate Commission Estimator,amazon affiliate commission calculator,Make-Money & Affiliate
tool-097,SaaS Affiliate Recurring Revenue Calculator,saas affiliate calculator,Make-Money & Affiliate
tool-098,Affiliate EPC Calculator,epc calculator affiliate,Make-Money & Affiliate
tool-099,Break-Even ROAS Calculator,breakeven roas calculator,Make-Money & Affiliate
tool-100,Blog Niche Profitability Calculator,blog niche profitability calculator,Make-Money & Affiliate
tool-101,Title Capitalization Formatter,youtube title capitalization tool,YouTube
tool-102,Title Length Checker,youtube title length checker,YouTube
tool-103,Curiosity-Gap Title Templates,youtube title templates,YouTube
tool-104,Title Swipe File Vault,youtube title swipe file,YouTube
tool-105,Thumbnail Text Readability Checker,thumbnail text readability checker,YouTube
tool-106,Thumbnail A/B Test Tracker,youtube thumbnail ab test tracker,YouTube
tool-107,Thumbnail Clickability Scorecard,youtube thumbnail checklist,YouTube
tool-108,Description Template Builder,youtube description template,YouTube
tool-109,Pinned Comment Idea Bank,youtube pinned comment ideas,YouTube
tool-110,Chapter Title SEO Rewriter,youtube chapter title ideas,YouTube
tool-111,Script Length Planner,youtube script length calculator,YouTube
tool-112,Script Outline Builder,youtube script outline template,YouTube
tool-113,B-Roll Shot List Generator,b-roll shot list generator,YouTube
tool-114,CTR & Impressions Log,youtube ctr tracker,YouTube
tool-115,Upload Streak Tracker,youtube upload streak tracker,YouTube
tool-116,Subscriber Goal Countdown,youtube subscriber goal tracker,YouTube
tool-117,Watch-Time Monetization Planner,4000 watch hours calculator,YouTube
tool-118,Niche Profitability Scorer,youtube niche scorer,YouTube
tool-119,Competitor Gap Finder,youtube competitor analysis template,YouTube
tool-120,Faceless Channel Idea Mixer,faceless youtube channel ideas,YouTube
tool-121,Content Pillar Mapper,youtube content pillars template,YouTube
tool-122,Video Series Planner,youtube series planner,YouTube
tool-123,Shorts Script Compressor,youtube shorts script template,YouTube
tool-124,Shorts Hook Bank,youtube shorts hook ideas,YouTube
tool-125,Shorts Posting-Time Experiment Tracker,best time to post shorts tracker,YouTube
tool-126,Livestream Title Pack Builder,youtube live stream title ideas,YouTube
tool-127,Live Q&A Collector,live stream q&a collector,YouTube
tool-128,Community Post Idea Bank,youtube community post ideas,YouTube
tool-129,Comment Reply Templates,youtube comment reply templates,YouTube
tool-130,Giveaway Winner Picker,youtube giveaway winner picker,YouTube
tool-131,Membership Tier Planner,youtube membership tiers ideas,YouTube
tool-132,Creator Product Idea Matcher,digital products for youtubers,YouTube
tool-133,Keyword-in-Title Checker,youtube keyword in title checker,YouTube
tool-134,Tag Relevance Scorer,youtube tag checker,YouTube
tool-135,48-Hour Launch Checklist,youtube video launch checklist,YouTube
tool-136,Gear Budget Allocator,youtube starter kit planner,YouTube
tool-137,Music Mood Matcher,background music for youtube videos finder,YouTube
tool-138,Packaging Combo Preview,youtube packaging tester,YouTube
tool-139,Video Idea Validator,youtube video idea validator,YouTube
tool-140,End-of-Video Retention Extender,youtube end screen ideas,YouTube
tool-141,Comment-to-Video Idea Miner,turn comments into video ideas,YouTube
tool-142,Upload Default Template Saver,youtube upload defaults template,YouTube
tool-143,Thumbnail Text Shortener,shorten text for thumbnails,YouTube
tool-144,Video Length Sweet-Spot Finder,best youtube video length,YouTube
tool-145,Channel Trailer Script Builder,youtube channel trailer script,YouTube
tool-146,YouTube SEO Score Checker,youtube seo score checker,YouTube
tool-147,Channel About Page Generator,youtube about page generator,YouTube
tool-148,End Screen Strategy Planner,youtube end screen planner,YouTube
tool-149,Live Stream Pre-Flight Checklist,youtube live stream checklist,YouTube
tool-150,Video Title Emotion Analyzer,youtube title emotion analyzer,YouTube
tool-151,TikTok Script Structurer,tiktok script template,TikTok
tool-152,TikTok POV Caption Bank Builder,tiktok pov captions,TikTok
tool-153,TikTok Comment Reply Idea Generator,tiktok comment reply ideas,TikTok
tool-154,TikTok Comment Keyword Miner,tiktok comment analysis,TikTok
tool-155,TikTok Series Episode Planner,tiktok series planner,TikTok
tool-156,TikTok Duet Idea Generator,tiktok duet ideas,TikTok
tool-157,TikTok Stitch Prompt Generator,tiktok stitch ideas,TikTok
tool-158,TikTok Live Title Generator,tiktok live title ideas,TikTok
tool-159,TikTok Live Session Planner,tiktok live ideas,TikTok
tool-160,TikTok Challenge Creator Kit,tiktok challenge ideas,TikTok
tool-161,TikTok Trend Adapter,viral tiktok trends for my niche,TikTok
tool-162,TikTok Content Pillar Planner,tiktok content pillars,TikTok
tool-163,TikTok SEO Keyword Finder,tiktok seo keywords,TikTok
tool-164,TikTok Search Intent Mapper,what people search on tiktok,TikTok
tool-165,TikTok Storytime Script Builder,storytime script tiktok,TikTok
tool-166,TikTok GRWM Script Planner,grwm tiktok script,TikTok
tool-167,TikTok Tutorial Step Structurer,how to structure a tiktok tutorial,TikTok
tool-168,TikTok Product Demo Script Builder,tiktok product demo script,TikTok
tool-169,TikTok Unboxing Flow Planner,tiktok unboxing video script,TikTok
tool-170,TikTok Day-in-My-Life Shot List,day in my life shot list,TikTok
tool-171,TikTok Transition Idea Bank,tiktok transition ideas,TikTok
tool-172,TikTok Text Overlay Prompt Writer,tiktok text overlay ideas,TikTok
tool-173,TikTok Pinned Comment Idea Generator,tiktok pinned comment ideas,TikTok
tool-174,TikTok Cover Text Idea Generator,tiktok cover text ideas,TikTok
tool-175,TikTok Voiceover Script Formatter,tiktok voiceover script,TikTok
tool-176,TikTok TTS Script Optimizer,tiktok text to speech tips,TikTok
tool-177,TikTok Caption Readability Checker,tiktok captions too fast,TikTok
tool-178,TikTok Green Screen Idea Generator,tiktok green screen ideas,TikTok
tool-179,TikTok Photo Carousel Planner,tiktok photo carousel ideas,TikTok
tool-180,TikTok Carousel Text Writer,tiktok carousel text,TikTok
tool-181,TikTok Myth vs Fact Builder,myth vs fact tiktok,TikTok
tool-182,TikTok Before/After Planner,before and after tiktok ideas,TikTok
tool-183,TikTok FAQ Series Builder,tiktok faq series,TikTok
tool-184,TikTok 30-Day Posting Challenge,30 day tiktok challenge,TikTok
tool-185,TikTok Account Audit Checklist,tiktok account audit,TikTok
tool-186,TikTok Profile Optimizer,optimize tiktok profile,TikTok
tool-187,TikTok Posting Time Scheduler,best time to post on tiktok planner,TikTok
tool-188,TikTok Competitor Angle Analyzer,tiktok competitor analysis,TikTok
tool-189,TikTok Viral Format Library,viral tiktok formats,TikTok
tool-190,TikTok UGC Script Builder,ugc script example tiktok,TikTok
tool-191,TikTok Shop Title Optimizer,tiktok shop title,TikTok
tool-192,TikTok Shop Description Writer,tiktok shop description,TikTok
tool-193,TikTok Affiliate Review Script,tiktok affiliate marketing video,TikTok
tool-194,TikTok Ad Hook Writer,tiktok ad hooks,TikTok
tool-195,TikTok Giveaway Planner,tiktok giveaway ideas,TikTok
tool-196,TikTok Q&A Session Kit,tiktok q&a ideas,TikTok
tool-197,TikTok Behind-the-Scenes Planner,behind the scenes tiktok ideas,TikTok
tool-198,TikTok Caption Hashtag Mixer,tiktok caption hashtag mixer,TikTok
tool-199,TikTok Series Trailer Script Builder,tiktok series trailer script,TikTok
tool-200,TikTok Live Shopping Script Planner,tiktok live shopping script,TikTok
tool-201,Banned Hashtag Checker,instagram banned hashtags checker,Instagram
tool-202,Hashtag Mix Builder,instagram hashtag strategy builder,Instagram
tool-203,Shadowban Diagnostic Checklist,instagram shadowban test,Instagram
tool-204,Stylish Fonts Generator,instagram fonts generator,Instagram
tool-205,Highlight Cover Maker,instagram highlight cover maker,Instagram
tool-206,Profile Grid Planner,instagram grid planner,Instagram
tool-207,Aesthetic Feed Theme Planner,instagram feed theme planner,Instagram
tool-208,Story Highlight Name Generator,instagram highlight names ideas,Instagram
tool-209,Reels Cover Title Generator,reels cover text ideas,Instagram
tool-210,Carousel Slide Outline Generator,instagram carousel ideas generator,Instagram
tool-211,Carousel Hook Slide Generator,carousel hook ideas,Instagram
tool-212,CTA Text Generator,call to action instagram post,Instagram
tool-213,Comment Reply Template Generator,instagram comment reply templates,Instagram
tool-214,DM Collab Pitch Generator,brand pitch dm template,Instagram
tool-215,Follower Milestone Tracker,instagram follower goal tracker,Instagram
tool-216,Hashtag Performance Log,instagram hashtag tracker,Instagram
tool-217,Alt Text Writer,instagram alt text generator,Instagram
tool-218,Location Tag Idea Generator,instagram location tag ideas,Instagram
tool-219,Collab Post Caption Generator,instagram collab post caption,Instagram
tool-220,Giveaway Rules Generator,instagram giveaway rules template,Instagram
tool-221,Story Poll Idea Generator,instagram story poll questions,Instagram
tool-222,Story Quiz Generator,instagram story quiz ideas,Instagram
tool-223,Q&A Sticker Prompt Generator,ask me a question sticker ideas,Instagram
tool-224,Countdown Sticker Text Generator,instagram countdown ideas,Instagram
tool-225,Story Sequence Planner,how to plan instagram stories,Instagram
tool-226,Reels vs Carousel Quiz,reels vs carousel which is better,Instagram
tool-227,Posting Frequency Planner,how often to post on instagram,Instagram
tool-228,Niche Clarity Quiz,how to find my niche instagram,Instagram
tool-229,Brand Voice Generator,instagram brand voice examples,Instagram
tool-230,UGC Pitch Template Generator,ugc pitch template,Instagram
tool-231,Testimonial Request Generator,how to ask for testimonial,Instagram
tool-232,Link in Bio Page Builder,link in bio page generator free,Instagram
tool-233,Profile Audit Scorecard,instagram profile audit,Instagram
tool-234,Pinned Post Strategy Planner,what to pin on instagram,Instagram
tool-235,Highlights Audit Checklist,instagram highlights strategy,Instagram
tool-236,Welcome DM Template Generator,welcome dm new followers instagram,Instagram
tool-237,Story Selling Script Generator,how to sell on instagram stories,Instagram
tool-238,Comment-to-DM Funnel Script Generator,comment dm automation script,Instagram
tool-239,Launch Content Planner,instagram product launch plan,Instagram
tool-240,30-Day Reels Challenge Generator,30 day reels challenge,Instagram
tool-241,Instagram Content Pillars Planner,instagram content pillars examples,Instagram
tool-242,Emoji Combo Generator,aesthetic emoji combos copy paste,Instagram
tool-243,Hashtag Block Builder,instagram hashtag sets copy paste,Instagram
tool-244,Best Time to Post Planner,best time to post on instagram,Instagram
tool-245,Digital Product Idea Generator,digital products to sell as influencer,Instagram
tool-246,Reels Series Planner,instagram reels series ideas,Instagram
tool-247,Reels Cover Maker,instagram reels cover maker,Instagram
tool-248,Reels Audio Search Term Finder,reels trending audio search,Instagram
tool-249,Broadcast Channel Idea Generator,instagram broadcast channel ideas,Instagram
tool-250,Profile Name SEO Optimizer,instagram name seo optimizer,Instagram
tool-251,CapCut Export Settings Finder,best capcut export settings,CapCut & Video Editing
tool-252,Teleprompter,online teleprompter,CapCut & Video Editing
tool-253,TTS Pronunciation Fixer,ai voice pronunciation fixer,CapCut & Video Editing
tool-254,Auto-Caption Cleanup Tool,clean up auto captions,CapCut & Video Editing
tool-255,Subtitle Line Breaker,subtitle line breaker,CapCut & Video Editing
tool-256,SRT to VTT Converter,srt to vtt converter,CapCut & Video Editing
tool-257,Caption Timing Validator,subtitle timing checker,CapCut & Video Editing
tool-258,Caption Readability (CPS) Checker,characters per second checker,CapCut & Video Editing
tool-259,Karaoke Timing Grid Planner,karaoke caption planner,CapCut & Video Editing
tool-260,Lower Third Generator,lower third generator,CapCut & Video Editing
tool-261,Text Animation Preset Generator,text animation generator css,CapCut & Video Editing
tool-262,Caption Style Preset Library,capcut caption style presets,CapCut & Video Editing
tool-263,Keyframe Easing Visualizer,easing curve visualizer,CapCut & Video Editing
tool-264,Ken Burns Path Planner,ken burns effect planner,CapCut & Video Editing
tool-265,Slideshow Timing Planner,slideshow timing calculator,CapCut & Video Editing
tool-266,Green Screen Color Picker,chroma key color picker,CapCut & Video Editing
tool-267,Slow-Mo Frame Rate Planner,slow motion fps planner,CapCut & Video Editing
tool-268,BPM Beat-Match Planner,bpm to beat interval,CapCut & Video Editing
tool-269,Audio Waveform Beat Marker,audio waveform visualizer,CapCut & Video Editing
tool-270,Silence Gap Finder,find silence in audio,CapCut & Video Editing
tool-271,Voiceover Level Meter,mic level tester,CapCut & Video Editing
tool-272,Video Frame Grabber,extract frame from video,CapCut & Video Editing
tool-273,Aspect Ratio Crop Visualizer,16:9 to 9:16 crop preview,CapCut & Video Editing
tool-274,Platform Spec Lookup,video specs by platform 2026,CapCut & Video Editing
tool-275,Talking-Head Length Estimator,script to video length,CapCut & Video Editing
tool-276,B-Roll Shot List Generator,b-roll shot list ideas,CapCut & Video Editing
tool-277,Storyboard Planner,video storyboard planner,CapCut & Video Editing
tool-278,Shot List Generator,video shot list generator,CapCut & Video Editing
tool-279,Retention Pacing Planner,video pacing planner,CapCut & Video Editing
tool-280,Hook Score Checker,video hook checker,CapCut & Video Editing
tool-281,Transition Idea Generator,video transition ideas,CapCut & Video Editing
tool-282,Effect Stack Planner,capcut effects order planner,CapCut & Video Editing
tool-283,SFX Cue Sheet Generator,sound effect cue sheet,CapCut & Video Editing
tool-284,Jump Cut Planner,jump cut planner,CapCut & Video Editing
tool-285,Clip Segment Planner,long video to shorts planner,CapCut & Video Editing
tool-286,Highlight Moment Logger,video timestamp logger,CapCut & Video Editing
tool-287,Export QA Checklist,video export checklist,CapCut & Video Editing
tool-288,Multi-Platform Upload Planner,multi platform video planner,CapCut & Video Editing
tool-289,Render Time Estimator,video render time estimator,CapCut & Video Editing
tool-290,Project Storage Planner,video project storage planner,CapCut & Video Editing
tool-291,Editor Pomodoro Timer,video editing pomodoro timer,CapCut & Video Editing
tool-292,Client Revision Tracker,video revision tracker,CapCut & Video Editing
tool-293,File Naming Generator,video file naming convention,CapCut & Video Editing
tool-294,Meme Caption Maker,meme text generator,CapCut & Video Editing
tool-295,Split-Screen Layout Generator,split screen video layout,CapCut & Video Editing
tool-296,Before/After Slider Generator,before after slider generator,CapCut & Video Editing
tool-297,Reaction Layout Planner,reaction video layout planner,CapCut & Video Editing
tool-298,Font Pairing Generator,font pairing generator,CapCut & Video Editing
tool-299,Caption Contrast Checker,subtitle contrast checker,CapCut & Video Editing
tool-300,Emoji Title Suggester,emoji for youtube titles,CapCut & Video Editing
tool-301,AI Prompt Library for Bloggers,ai prompts for blogging,AI Workflow
tool-302,Blog Post Prompt Builder,blog prompt generator,AI Workflow
tool-303,AI Image Prompt Builder,ai image prompt generator,AI Workflow
tool-304,YouTube Script Prompt Pack,ai prompts for youtube scripts,AI Workflow
tool-305,30-Day Content Plan Generator,30 day content plan generator,AI Workflow
tool-306,Ebook Chapter Outline Generator,ebook outline generator,AI Workflow
tool-307,Online Course Module Planner,course outline generator,AI Workflow
tool-308,Webinar Topic Generator,webinar topic ideas,AI Workflow
tool-309,Newsletter Issue Planner,newsletter content planner,AI Workflow
tool-310,Podcast Episode Idea Generator,podcast episode ideas,AI Workflow
tool-311,Podcast Show Notes Builder,podcast show notes template,AI Workflow
tool-312,AI Workflow Checklist Builder,ai content workflow checklist,AI Workflow
tool-313,Blog Publishing Checklist,blog post publishing checklist,AI Workflow
tool-314,Content Refresh Checklist,content refresh checklist,AI Workflow
tool-315,FAQ Content Builder,faq generator for blog,AI Workflow
tool-316,CTA Prompt Library,call to action prompts,AI Workflow
tool-317,Email Sequence Planner,email sequence planner,AI Workflow
tool-318,Sales Page Outline Generator,sales page outline,AI Workflow
tool-319,Testimonial Request Builder,testimonial request template,AI Workflow
tool-320,Brand Voice Prompt Builder,brand voice prompt,AI Workflow
tool-321,AI Content Pillars Planner,content pillars template,AI Workflow
tool-322,Content Ideas Matrix Generator,content ideas matrix,AI Workflow
tool-323,AI Art Style Reference Library,ai art styles list,AI Workflow
tool-324,Negative Prompt Builder,negative prompt generator,AI Workflow
tool-325,Prompt Quality Analyzer,ai prompt quality checker,AI Workflow
tool-326,AI Disclosure Statement Generator,ai disclosure generator,AI Workflow
tool-327,Content Repurposing Workflow Planner,content repurposing workflow,AI Workflow
tool-328,Guest Post Pitch Builder,guest post pitch template,AI Workflow
tool-329,Expert Roundup Planner,expert roundup template,AI Workflow
tool-330,Blogging SOP Template Builder,blogging sop template,AI Workflow
tool-331,Editorial Style Guide Builder,editorial style guide template,AI Workflow
tool-332,Prompt Chain Workflow Builder,ai prompt chain builder,AI Workflow
tool-333,AI Research Brief Builder,ai research prompt,AI Workflow
tool-334,Comparison Table Builder,comparison table generator,AI Workflow
tool-335,Pros and Cons List Generator,pros and cons generator,AI Workflow
tool-336,Product Review Outline Generator,product review template,AI Workflow
tool-337,Buying Guide Outline Generator,buying guide template,AI Workflow
tool-338,Email Subject Line Prompt Pack,email subject line prompts,AI Workflow
tool-339,Case Study Outline Generator,case study template,AI Workflow
tool-340,AI Content Editing Checklist,ai content editing checklist,AI Workflow
tool-341,AI Fact-Check Checklist,fact check ai content,AI Workflow
tool-342,Viral Format Swipe File,viral content formats,AI Workflow
tool-343,Content Batching Planner,content batching template,AI Workflow
tool-344,90-Day Blog Launch Planner,blog launch checklist,AI Workflow
tool-345,Blog Monetization Planner,blog monetization planner,AI Workflow
tool-346,AI Tool Stack Planner,ai tools stack for creators,AI Workflow
tool-347,Prompt Variable Template Builder,prompt template with variables,AI Workflow
tool-348,AI Image Aspect Ratio Planner,ai image aspect ratio guide,AI Workflow
tool-349,Faceless Video Prompt Pack,faceless video ai prompts,AI Workflow
tool-350,AI Voiceover Script Prompt Pack,ai voiceover prompts,AI Workflow
tool-351,Pinterest Board Name Generator,pinterest board name ideas,"Pinterest, X & Facebook"
tool-352,Pinterest Board Description Generator,pinterest board description,"Pinterest, X & Facebook"
tool-353,Pinterest Bio Generator,pinterest bio ideas,"Pinterest, X & Facebook"
tool-354,Pinterest Profile Name Generator,pinterest business name ideas,"Pinterest, X & Facebook"
tool-355,Pinterest Pin Image Idea Generator,pinterest pin design ideas,"Pinterest, X & Facebook"
tool-356,Pinterest Idea Pin Script Generator,pinterest idea pin ideas,"Pinterest, X & Facebook"
tool-357,Pinterest Keyword Combiner,pinterest keyword research,"Pinterest, X & Facebook"
tool-358,Pinterest SEO Title Rewriter,pinterest seo,"Pinterest, X & Facebook"
tool-359,Pinterest Hashtag Generator,pinterest hashtags,"Pinterest, X & Facebook"
tool-360,Pinterest Alt Text Generator,pinterest image alt text,"Pinterest, X & Facebook"
tool-361,Pinterest Pin Ratio Checker,pinterest pin size checker,"Pinterest, X & Facebook"
tool-362,Pinterest Fresh Pin Checklist,pinterest fresh pins,"Pinterest, X & Facebook"
tool-363,Pinterest Seasonal Content Planner,pinterest seasonal content,"Pinterest, X & Facebook"
tool-364,Pinterest Niche Idea Generator,pinterest niche ideas,"Pinterest, X & Facebook"
tool-365,Pinterest Content Calendar Generator,pinterest content calendar,"Pinterest, X & Facebook"
tool-366,Pinterest Pin Title A/B Scorer,pinterest pin title tester,"Pinterest, X & Facebook"
tool-367,Pinterest Link-in-Bio Page Builder,pinterest link in bio page,"Pinterest, X & Facebook"
tool-368,X Bio Generator,twitter bio generator,"Pinterest, X & Facebook"
tool-369,X Username Generator,twitter username ideas,"Pinterest, X & Facebook"
tool-370,X Tweet Idea Generator,tweet ideas,"Pinterest, X & Facebook"
tool-371,X Thread Idea Generator,twitter thread ideas,"Pinterest, X & Facebook"
tool-372,X Thread Splitter,split text into tweets,"Pinterest, X & Facebook"
tool-373,X Post Formatter,twitter bold text generator,"Pinterest, X & Facebook"
tool-374,X Thread Numbering Formatter,twitter thread numbering,"Pinterest, X & Facebook"
tool-375,X Hashtag Generator,twitter hashtag generator,"Pinterest, X & Facebook"
tool-376,X Hook Analyzer,twitter hook analyzer,"Pinterest, X & Facebook"
tool-377,X Poll Idea Generator,twitter poll ideas,"Pinterest, X & Facebook"
tool-378,X Spaces Title Generator,twitter spaces title ideas,"Pinterest, X & Facebook"
tool-379,X Pinned Tweet Idea Generator,pinned tweet ideas,"Pinterest, X & Facebook"
tool-380,X Quote Tweet Idea Generator,quote tweet ideas,"Pinterest, X & Facebook"
tool-381,X Content Pillars Planner,twitter content pillars,"Pinterest, X & Facebook"
tool-382,X Banner Text Generator,twitter banner text ideas,"Pinterest, X & Facebook"
tool-383,X Viral Template Rewriter,viral tweet templates,"Pinterest, X & Facebook"
tool-384,X Niche Positioning Generator,twitter niche statement,"Pinterest, X & Facebook"
tool-385,Tweet Quote Card Maker,tweet quote image generator,"Pinterest, X & Facebook"
tool-386,Facebook Bio Generator,facebook bio,"Pinterest, X & Facebook"
tool-387,Facebook Page Name Generator,facebook page name ideas,"Pinterest, X & Facebook"
tool-388,Facebook Group Name Generator,facebook group name ideas,"Pinterest, X & Facebook"
tool-389,Facebook Group Rules Generator,facebook group rules template,"Pinterest, X & Facebook"
tool-390,Facebook Post Idea Generator,facebook post ideas,"Pinterest, X & Facebook"
tool-391,Facebook Reel Hook Generator,facebook reels hooks,"Pinterest, X & Facebook"
tool-392,Facebook Story Idea Generator,facebook story ideas,"Pinterest, X & Facebook"
tool-393,Facebook Event Idea Generator,facebook event ideas,"Pinterest, X & Facebook"
tool-394,Facebook Ad Headline Generator,facebook ad headline ideas,"Pinterest, X & Facebook"
tool-395,Facebook Ad Copy Generator,facebook ad copy generator,"Pinterest, X & Facebook"
tool-396,Facebook Hashtag Generator,facebook hashtags,"Pinterest, X & Facebook"
tool-397,Facebook Giveaway Idea Generator,facebook giveaway ideas,"Pinterest, X & Facebook"
tool-398,Facebook CTA Text Generator,facebook cta examples,"Pinterest, X & Facebook"
tool-399,Facebook Cover Text Generator,facebook cover photo text,"Pinterest, X & Facebook"
tool-400,Facebook Group Engagement Post Generator,facebook group engagement posts,"Pinterest, X & Facebook"
tool-401,Email Subject Line Tester,email subject line tester,Email & Blog Marketing
tool-402,Email Subject Line Generator,email subject line generator,Email & Blog Marketing
tool-403,Spam Word Checker,email spam word checker,Email & Blog Marketing
tool-404,Preheader Text Generator,email preheader generator,Email & Blog Marketing
tool-405,Email CTA Button Text Generator,email cta generator,Email & Blog Marketing
tool-406,Subject Line Character Checker,email subject line character counter,Email & Blog Marketing
tool-407,P.S. Line Generator,email ps generator,Email & Blog Marketing
tool-408,Email A/B Test Idea Generator,email a/b test ideas,Email & Blog Marketing
tool-409,Cold Email Opener Generator,cold email opener generator,Email & Blog Marketing
tool-410,Follow-up Email Generator,follow up email generator,Email & Blog Marketing
tool-411,Welcome Email Sequence Generator,welcome email sequence generator,Email & Blog Marketing
tool-412,Email Sequence Planner,email sequence planner,Email & Blog Marketing
tool-413,Launch Email Sequence Generator,product launch email sequence,Email & Blog Marketing
tool-414,Re-engagement Email Generator,re-engagement email generator,Email & Blog Marketing
tool-415,Abandoned Cart Email Template Generator,abandoned cart email template,Email & Blog Marketing
tool-416,Newsletter Idea Generator,newsletter ideas generator,Email & Blog Marketing
tool-417,Newsletter Name Generator,newsletter name generator,Email & Blog Marketing
tool-418,Newsletter Outline Generator,newsletter outline generator,Email & Blog Marketing
tool-419,Newsletter Sponsorship Pitch Generator,newsletter sponsorship pitch,Email & Blog Marketing
tool-420,Newsletter CPM Calculator,newsletter cpm calculator,Email & Blog Marketing
tool-421,Blog-to-Newsletter Converter,repurpose blog post into newsletter,Email & Blog Marketing
tool-422,Webinar Invitation Email Generator,webinar invitation email template,Email & Blog Marketing
tool-423,Sale/Promo Email Generator,sale email template generator,Email & Blog Marketing
tool-424,Testimonial Request Email Generator,testimonial request email template,Email & Blog Marketing
tool-425,Lead Magnet Idea Generator,lead magnet ideas generator,Email & Blog Marketing
tool-426,Lead Magnet Title Generator,lead magnet title generator,Email & Blog Marketing
tool-427,Content Upgrade Idea Generator,content upgrade ideas generator,Email & Blog Marketing
tool-428,Quiz Lead Magnet Idea Generator,quiz lead magnet ideas,Email & Blog Marketing
tool-429,Lead Magnet Checklist Builder,lead magnet checklist template,Email & Blog Marketing
tool-430,Email Signup Copy Generator,email signup copy generator,Email & Blog Marketing
tool-431,Thank You Page Copy Generator,thank you page copy generator,Email & Blog Marketing
tool-432,Unsubscribe Page Copy Generator,unsubscribe page copy generator,Email & Blog Marketing
tool-433,Referral Email Generator,referral email template generator,Email & Blog Marketing
tool-434,Blog Giveaway Idea Generator,blog giveaway ideas generator,Email & Blog Marketing
tool-435,Email Funnel Mapper,email funnel planner,Email & Blog Marketing
tool-436,Sponsorship Pitch Email Generator,sponsorship email pitch generator,Email & Blog Marketing
tool-437,Case Study Request Email Generator,case study request email,Email & Blog Marketing
tool-438,Email Signature Generator,email signature generator,Email & Blog Marketing
tool-439,Plain-Text Email Formatter,html to plain text email converter,Email & Blog Marketing
tool-440,Email Send-Time Planner,best time to send email,Email & Blog Marketing
tool-441,90-Day Email Marketing Planner,email marketing plan template,Email & Blog Marketing
tool-442,About Page Copy Generator,about page copy generator,Email & Blog Marketing
tool-443,Author Bio Generator,author bio generator,Email & Blog Marketing
tool-444,Blog Comment Reply Generator,blog comment reply generator,Email & Blog Marketing
tool-445,Email Deliverability Checklist,email deliverability checklist,Email & Blog Marketing
tool-446,Blogger Press Release Template Generator,blogger press release template,Email & Blog Marketing
tool-447,Podcast Pitch Email Generator,podcast guest pitch email,Email & Blog Marketing
tool-448,Email List Growth Idea Generator,email list growth ideas,Email & Blog Marketing
tool-449,Blog Comment Policy Generator,blog comment policy template,Email & Blog Marketing
tool-450,Newsletter Ad Slot Planner,newsletter ad slot planner,Email & Blog Marketing
tool-451,Video Editing Rate Calculator,video editing rates per minute,Creator Business
tool-452,Freelance Day Rate Calculator,freelance day rate calculator,Creator Business
tool-453,Late Payment Fee Calculator,freelance late payment fee calculator,Creator Business
tool-454,Rush Fee Calculator,rush fee calculator,Creator Business
tool-455,Usage Rights Fee Estimator,usage rights calculator photography,Creator Business
tool-456,Brand Deal Contract Generator,brand deal contract template,Creator Business
tool-457,Media Kit Builder,influencer media kit builder,Creator Business
tool-458,Retainer vs Hourly Comparator,retainer vs hourly calculator,Creator Business
tool-459,Milestone Payment Planner,freelance milestone payment schedule,Creator Business
tool-460,Walk-Away Rate Calculator,minimum project fee calculator,Creator Business
tool-461,Revision Pricing Calculator,how to charge for extra revisions,Creator Business
tool-462,Kill Fee Calculator,kill fee calculator freelance,Creator Business
tool-463,NDA Generator,freelance nda template,Creator Business
tool-464,Scope of Work Generator,freelance scope of work template,Creator Business
tool-465,Client Onboarding Questionnaire Generator,client onboarding questionnaire template,Creator Business
tool-466,Rate Negotiation Email Generator,rate negotiation email template,Creator Business
tool-467,Brand Pitch Email Generator,brand pitch email template,Creator Business
tool-468,Overdue Invoice Reminder Generator,overdue invoice reminder email,Creator Business
tool-469,Quarterly Tax Estimator for Freelancers,quarterly estimated tax calculator freelancer,Creator Business
tool-470,Creator Deduction Finder,freelancer tax deductions list,Creator Business
tool-471,Wedding Videographer Package Builder,wedding videography pricing packages,Creator Business
tool-472,Wedding Photographer Pricing Calculator,wedding photography pricing calculator,Creator Business
tool-473,Logo Design Quote Builder,logo design quote template,Creator Business
tool-474,Thumbnail Designer Package Pricer,thumbnail designer pricing,Creator Business
tool-475,Podcast Editing Rate Calculator,podcast editing rates per hour,Creator Business
tool-476,Online Coach Package Builder,coaching package pricing,Creator Business
tool-477,eBook Royalty Estimator,amazon kdp royalty calculator,Creator Business
tool-478,Platform Fee Comparer,gumroad vs etsy fees,Creator Business
tool-479,Billable Hours Invoice Builder,billable hours tracker for freelancers,Creator Business
tool-480,Client Profitability Tracker,freelance client profitability tracker,Creator Business
tool-481,Project Timeline Estimator,video editing timeline estimator,Creator Business
tool-482,Shoot Day-Rate Planner,photography day rate calculator,Creator Business
tool-483,Exclusivity Fee Calculator,influencer exclusivity fee,Creator Business
tool-484,Whitelisting Fee Calculator,ugc whitelisting rates,Creator Business
tool-485,Scope Creep Fee Calculator,scope creep fee calculator,Creator Business
tool-486,Client Red Flag Checklist,freelance client red flags,Creator Business
tool-487,Testimonial Showcase Page Builder,testimonial showcase page,Creator Business
tool-488,Case Study Template Generator,freelance case study template,Creator Business
tool-489,Proposal Template Generator,freelance proposal template,Creator Business
tool-490,Discovery Call Question Generator,discovery call questions,Creator Business
tool-491,Referral Program Planner,freelance referral program,Creator Business
tool-492,Freelancer Business Name Generator,freelance business name ideas,Creator Business
tool-493,Freelancer Tagline Generator,freelancer tagline ideas,Creator Business
tool-494,LinkedIn Headline Generator,linkedin headline for freelancers,Creator Business
tool-495,Cold Outreach Tracker,cold outreach tracker,Creator Business
tool-496,Income Goal Planner,freelance income goal planner,Creator Business
tool-497,Service Package Builder,freelance service packages,Creator Business
tool-498,Booking Page Copy Generator,booking page copy,Creator Business
tool-499,Client Offboarding Checklist,client offboarding checklist,Creator Business
tool-500,Project Debrief Template Builder,project debrief template,Creator Business
tool-501,Pinterest Board Cover Maker,pinterest board cover maker,"Pinterest, X & Facebook"
tool-502,UGC Portfolio Page Builder,ugc portfolio builder,Creator Business
tool-503,Creator Pitch Deck Outline Generator,creator pitch deck template,Creator Business
tool-504,Sponsorship Negotiation Script Generator,sponsorship negotiation script,Creator Business
tool-505,Blog Income Stream Diversification Planner,blog income diversification,Make-Money & Affiliate
tool-506,Affiliate Link Name Generator,affiliate link name generator,Make-Money & Affiliate
tool-507,Neural TTS Studio,free text to speech ai voice,AI Tools
tool-508,AI Background Remover,ai background remover,AI Tools
tool-509,AI Image Upscaler,ai image upscaler,AI Tools
tool-510,AI Audio Transcriber,ai audio transcriber,AI Tools
tool-511,AI Translator (Offline),offline ai translator,AI Tools
tool-512,Read Aloud: Browser TTS Voice Reader,read aloud text to speech,AI Tools
tool-513,Product Photo White Background Maker,product photo white background,AI Tools
tool-514,Passport & ID Photo Maker,passport photo maker online,AI Tools
tool-515,Free AI Chatbot (Bring Your Own Key),free ai chatbot with api key,AI Tools
tool-516,Resume Bullet Enhancer,resume bullet point enhancer,AI Tools
tool-517,Cover Letter Generator,ai cover letter generator,AI Tools
tool-518,AI Email & Blog Writer,ai email writer free,AI Tools
tool-519,LinkedIn Headline & About Writer,linkedin headline generator,AI Tools
tool-520,AI Text Summarizer,ai text summarizer,AI Tools
tool-521,AI Paraphraser & Rewriter,ai paraphrasing tool,AI Tools
tool-522,Midjourney & Flux Prompt Builder,midjourney prompt builder,AI Tools
tool-523,AI Video Scene Planner,ai video scene planner,AI Tools
tool-524,AI Image Aspect Ratio Planner,ai image aspect ratio planner retired,AI Tools
tool-525,Suno Music Prompt Builder,suno prompt generator,AI Tools
tool-526,ATS Resume Checker,ats resume checker,AI Tools
tool-527,ElevenLabs Voiceover Script Formatter,elevenlabs script formatter,AI Tools
tool-528,System Prompt Builder,system prompt builder,AI Tools
tool-529,AI Headshot Prompt Pack Builder,ai headshot prompt,AI Tools
tool-530,Ideogram Logo Prompt Builder,ideogram logo prompt,AI Tools
tool-531,Voiceover Timing & Cost Calculator,voiceover cost calculator,AI Tools
tool-532,Prompt Token Cost Estimator,ai token cost calculator,AI Tools
tool-533,Negative Prompt Library,negative prompt list,AI Tools
tool-534,Cross-Model Prompt Converter,midjourney to flux prompt converter,AI Tools
tool-535,Prompt Health Debugger,ai prompt debugger,AI Tools
tool-536,Lyrics Rhyme & Syllable Checker,lyrics rhyme checker,AI Tools
tool-537,Interview Question Generator,interview question generator,AI Tools
tool-538,OCR Text Extractor,online ocr text extractor,AI Tools
tool-539,Old Photo Restorer,old photo restorer,AI Tools
tool-540,AI Image Captioner & Alt Text Writer,ai image caption generator,AI Tools
tool-541,Image Object Tagger,image object tagger,AI Tools
tool-542,Sentiment Analyzer,sentiment analyzer,AI Tools
tool-543,Semantic Note Search,semantic search notes,AI Tools
tool-544,Keyword & Tag Extractor,keyword extractor,AI Tools
tool-545,BPM & Key Detector,bpm detector online,AI Tools
tool-546,SVG Logo Composer,svg logo maker,AI Tools
tool-547,AI Voice Cloning Studio,ai voice cloning,AI Tools
tool-548,Text-to-Video Generator,text to video ai generator,AI Tools
tool-549,AI Headshot Generator,ai headshot generator,AI Tools
tool-550,AI Music Generator,ai music generator,AI Tools
tool-551,Photo Cartoonizer,photo to cartoon,AI Tools
tool-552,Talk to PDF Chatbot,chat with pdf ai,AI Tools
tool-553,AI Image Detector,ai image detector,AI Tools
tool-554,AI Image Generator,ai image generator,AI Tools
tool-555,AI Video Script Generator,ai video script generator,AI Tools
tool-556,AI Content Repurposer,ai content repurposer,AI Tools
tool-557,AI Hook Generator,ai hook generator,AI Tools
tool-558,AI Thumbnail Title Generator,ai thumbnail title generator,AI Tools
tool-559,AI Social Caption Generator,ai social media caption generator,AI Tools
tool-560,AI Blog Outline Generator,ai blog outline generator,AI Tools
tool-561,AI Product Description Generator,ai product description generator,AI Tools
tool-562,AI Newsletter Writer,ai newsletter writer,AI Tools
tool-563,Hashtag Strength Checker,hashtag strength checker,Instagram
tool-564,SEO Meta Tag Analyzer,seo meta tag analyzer,Blogging SEO & Content
tool-565,Social Profile Completeness Checker,social profile completeness checker,Creator Business
tool-566,Email Subject Line Analyzer,email subject line analyzer,Email & Blog Marketing
tool-567,Content Freshness Checker,content freshness checker,Blogging SEO & Content
tool-568,CTA Strength Analyzer,cta strength analyzer,Creator Business
tool-571,AI Prompt Optimizer,ai prompt optimizer,AI Tools
tool-572,AI Meeting Notes Summarizer,ai meeting notes summarizer,AI Tools
tool-573,AI Code Explainer,ai code explainer,AI Tools
tool-574,AI Text Simplifier,ai text simplifier,AI Tools
tool-575,YouTube Title Analyzer,youtube title analyzer,YouTube
tool-576,Instagram Bio Analyzer,instagram bio analyzer,Instagram
tool-569,TikTok Hook Analyzer,tiktok hook analyzer,TikTok
tool-570,Blog Readability Scorer,blog readability scorer,Blogging SEO & Content
